Name,CAS,Phase,Tchar,thetachar,DeltaCp,phi0,Source,Cat_1,Cat_2,Cat_3,Cat_4
C8,111-65-9,Rxi17SilMS,45.508,24.905,149.92,0.001,Marquart2020,alkane,alkanes,,
C9,111-84-2,Rxi17SilMS,65.781,26.946,94.747,0.001,Marquart2020,alkane,alkanes,,
C10,124-18-5,Rxi17SilMS,85.071,27.71,85.412,0.001,Marquart2020,alkane,Grob,alkanes,
C11,1120-21-4,Rxi17SilMS,102.86,28.28,86.37,0.001,Marquart2020,alkane,Grob,alkanes,
C12,112-40-3,Rxi17SilMS,119.42,28.859,91.18,0.001,Marquart2020,alkane,alkanes,,
C13,629-50-5,Rxi17SilMS,134.92,29.312,91.168,0.001,Marquart2020,alkane,alkanes,,
C14,629-59-4,Rxi17SilMS,149.73,30.18,98.129,0.001,Marquart2020,alkane,alkanes,,
C15,629-62-9,Rxi17SilMS,163.32,30.464,110.07,0.001,Marquart2020,alkane,alkanes,,
C16,544-76-3,Rxi17SilMS,176.25,30.635,102.94,0.001,Marquart2020,alkane,alkanes,,
C17,629-78-7,Rxi17SilMS,188.54,31.069,110.15,0.001,Marquart2020,alkane,alkanes,,
C18,593-45-3,Rxi17SilMS,200.23,31.415,114.41,0.001,Marquart2020,alkane,alkanes,,
C19,629-92-5,Rxi17SilMS,211.31,31.618,112.71,0.001,Marquart2020,alkane,alkanes,,
C20,112-95-8,Rxi17SilMS,221.86,31.821,113.51,0.001,Marquart2020,alkane,alkanes,,
C21,629-94-7,Rxi17SilMS,231.93,31.968,111.34,0.001,Marquart2020,alkane,alkanes,,
C22,629-97-0,Rxi17SilMS,241.56,32.126,113.38,0.001,Marquart2020,alkane,alkanes,,
C23,638-67-5,Rxi17SilMS,250.79,32.255,112.43,0.001,Marquart2020,alkane,alkanes,,
C24,646-31-1,Rxi17SilMS,259.66,32.403,113.42,0.001,Marquart2020,alkane,alkanes,,
C25,629-99-2,Rxi17SilMS,268.17,32.555,115.42,0.001,Marquart2020,alkane,alkanes,,
C26,630-01-3,Rxi17SilMS,276.33,32.609,113.85,0.001,Marquart2020,alkane,alkanes,,
C27,593-49-7,Rxi17SilMS,284.24,32.804,120.87,0.001,Marquart2020,alkane,alkanes,,
C28,630-02-4,Rxi17SilMS,291.9,33.056,131.05,0.001,Marquart2020,alkane,alkanes,,
C29,630-03-5,Rxi17SilMS,299.42,33.386,140.54,0.001,Marquart2020,alkane,alkanes,,
C30,638-68-6,Rxi17SilMS,306.72,33.763,152.99,0.001,Marquart2020,alkane,alkanes,,
Limonene,138-86-3,Rxi17SilMS,106.14,30.828,80.646,0.001,Marquart2020,terpene,allergenic fragrances,,
Linalool,78-70-6,Rxi17SilMS,120.72,29.529,89.817,0.001,Marquart2020,allergenic fragrances,terpene,,
Benzylalkohol,100-51-6,Rxi17SilMS,129.2,32.206,82.837,0.001,Marquart2020,allergenic fragrances,alcohol,,
Geraniol,106-24-1,Rxi17SilMS,150.5,31.082,95.209,0.001,Marquart2020,terpene,allergenic fragrances,,
Citral A,5392-40-5,Rxi17SilMS,152.75,31.575,96.361,0.001,Marquart2020,allergenic fragrances,,,
Citral B,106-26-3,Rxi17SilMS,157.47,31.541,100.78,0.001,Marquart2020,allergenic fragrances,,,
Cinnamaldehyde,104-55-2,Rxi17SilMS,174.36,34.54,88.449,0.001,Marquart2020,aldehyde,allergenic fragrances,,
Eugenol,97-53-0,Rxi17SilMS,178.4,34.047,93.48,0.001,Marquart2020,allergenic fragrances,,,
Isomethyl-alpha-Ionon,127-51-5,Rxi17SilMS,184.71,34.197,95.213,0.001,Marquart2020,allergenic fragrances,,,
Isoeugenol,97-54-1,Rxi17SilMS,193.83,34.728,92.015,0.001,Marquart2020,allergenic fragrances,,,
Benzylbenzoate,120-51-4,Rxi17SilMS,241.68,37.953,101.99,0.001,Marquart2020,allergenic fragrances,,,
Benzylsalicylate,118-58-1,Rxi17SilMS,252.8,38.738,99.954,0.001,Marquart2020,ester,allergenic fragrances,,
Benzylcinnamate,103-41-3,Rxi17SilMS,278.55,39.24,116.97,0.001,Marquart2020,allergenic fragrances,,,
Farnesol A,4602-84-0,Rxi17SilMS,210.18,33.545,115.85,0.001,Marquart2020,allergenic fragrances,,,
Amylcinnamylalkohol A,101-85-9,Rxi17SilMS,213.44,33.608,93.779,0.001,Marquart2020,allergenic fragrances,,,
Farnesol B,4602-84-0,Rxi17SilMS,215.35,35.982,156.36,0.001,Marquart2020,allergenic fragrances,,,
Amylcinnamylalkohol B,101-85-9,Rxi17SilMS,219.77,35.38,113.0,0.001,Marquart2020,allergenic fragrances,,,
Amylcinnamylalkohol C,101-85-9,Rxi17SilMS,223.2,36.877,124.46,0.001,Marquart2020,allergenic fragrances,,,
Citronellol,106-22-9,Rxi17SilMS,143.1,30.488,98.71,0.001,Marquart2020,allergenic fragrances,,,
Hydroxycitronellal,107-75-5,Rxi17SilMS,160.17,31.103,112.47,0.001,Marquart2020,aldehyde,allergenic fragrances,,
Anisalkohol,105-13-5,Rxi17SilMS,174.13,33.262,81.445,0.001,Marquart2020,allergenic fragrances,,,
Cinnamylalkohol A,104-54-1,Rxi17SilMS,177.17,34.332,87.288,0.001,Marquart2020,alcohol,allergenic fragrances,,
Cinnamylalkohol B,104-54-1,Rxi17SilMS,180.76,33.829,87.665,0.001,Marquart2020,alcohol,allergenic fragrances,,
Coumarin,91-64-5,Rxi17SilMS,210.54,38.708,93.95,0.001,Marquart2020,allergenic fragrances,,,
alpha-Pinen,80-56-8,Rxi17SilMS,83.227,29.989,82.196,0.001,Marquart2020,allergenic fragrances,,,
beta-Pinene,127-91-3,Rxi17SilMS,96.536,31.149,72.551,0.001,Marquart2020,allergenic fragrances,,,
Benzaldehyd,100-52-7,Rxi17SilMS,116.86,32.053,79.19,0.001,Marquart2020,allergenic fragrances,aldehyde,,
Salicylaldehyd,90-02-8,Rxi17SilMS,131.98,33.175,73.498,0.001,Marquart2020,allergenic fragrances,,,
Menthol,1490-04-6,Rxi17SilMS,137.3,31.874,78.524,0.001,Marquart2020,allergenic fragrances,,,
Methyl-2-Octyonate,111-12-6,Rxi17SilMS,147.71,29.752,64.164,0.001,Marquart2020,allergenic fragrances,,,
Methylsalicylat,119-36-8,Rxi17SilMS,154.11,34.123,95.508,0.001,Marquart2020,allergenic fragrances,,,
Isobornylacetat,76-49-3,Rxi17SilMS,157.55,33.044,81.267,0.001,Marquart2020,allergenic fragrances,,,
Carvone,99-49-0,Rxi17SilMS,160.07,33.285,82.81,0.001,Marquart2020,allergenic fragrances,,,
beta-Caryophyllene,87-44-5,Rxi17SilMS,172.85,34.686,61.769,0.001,Marquart2020,allergenic fragrances,,,
d-Damascone,57378-68-4,Rxi17SilMS,173.3,34.657,113.26,0.001,Marquart2020,allergenic fragrances,,,
E-beta-Damascone,23726-93-4,Rxi17SilMS,179.92,33.969,92.213,0.001,Marquart2020,allergenic fragrances,,,
Majantol,103694-68-4,Rxi17SilMS,183.58,34.558,96.669,0.001,Marquart2020,allergenic fragrances,,,
Amylsalicylate,2050-08-0,Rxi17SilMS,202.07,35.067,100.5,0.001,Marquart2020,allergenic fragrances,,,
3-Propylidenephthalide,17369-59-4,Rxi17SilMS,218.14,37.653,92.163,0.001,Marquart2020,allergenic fragrances,,,
Isoeugenylacetat,93-29-8,Rxi17SilMS,216.5,34.412,118.98,0.001,Marquart2020,allergenic fragrances,,,
alpha-Acetylcedrene A,32388-55-9,Rxi17SilMS,229.4,37.845,97.227,0.001,Marquart2020,allergenic fragrances,,,
alpha-Acetylcedrene B,32388-55-9,Rxi17SilMS,231.8,39.798,113.08,0.001,Marquart2020,allergenic fragrances,,,
alpha-Acetylcedrene C,32388-55-9,Rxi17SilMS,233.56,42.874,234.46,0.001,Marquart2020,allergenic fragrances,,,
Hexadecanolaceton,36653-82-4,Rxi17SilMS,247.68,38.909,95.377,0.001,Marquart2020,allergenic fragrances,,,
Ebanol A,67801-20-1,Rxi17SilMS,175.01,33.36,98.393,0.001,Marquart2020,allergenic fragrances,,,
Ebanol B,67801-20-1,Rxi17SilMS,176.36,33.328,101.4,0.001,Marquart2020,allergenic fragrances,,,
Iso E Super A,54464-57-2,Rxi17SilMS,213.41,37.053,101.05,0.001,Marquart2020,allergenic fragrances,,,
Iso E Super B,54464-57-2,Rxi17SilMS,214.72,37.385,103.16,0.001,Marquart2020,allergenic fragrances,,,
Iso E Super C,54464-57-2,Rxi17SilMS,217.2,38.245,102.52,0.001,Marquart2020,allergenic fragrances,,,
Iso E Super D,54464-57-2,Rxi17SilMS,218.27,37.694,108.2,0.001,Marquart2020,allergenic fragrances,,,
Terpinolene,586-62-9,Rxi17SilMS,119.46,31.285,75.193,0.001,Marquart2020,allergenic fragrances,,,
Anethol,4180-23-8,Rxi17SilMS,166.73,33.185,85.2,0.001,Marquart2020,allergenic fragrances,,,
alpha Damascone,35044-63-4,Rxi17SilMS,176.46,33.705,93.343,0.001,Marquart2020,allergenic fragrances,,,
Santalol A,115-71-9,Rxi17SilMS,213.9,36.386,104.29,0.001,Marquart2020,allergenic fragrances,,,
Santalol B,115-71-9,Rxi17SilMS,214.91,35.986,107.63,0.001,Marquart2020,allergenic fragrances,,,
Amylcinnamylaldehyd,122-40-7,Rxi17SilMS,215.63,35.611,109.29,0.001,Marquart2020,allergenic fragrances,,,
Santalol C,37172-32-0,Rxi17SilMS,219.54,37.114,130.18,0.001,Marquart2020,allergenic fragrances,,,
Santalol D,37172-32-0,Rxi17SilMS,221.36,37.124,126.57,0.001,Marquart2020,allergenic fragrances,,,
Pentanol,71-41-0,Rxi5ms,63.49,29.567,149.85,0.001,Brehmer2022,alcohol,alcohols,,
Heptanol,111-70-6,Rxi5ms,105.71,32.011,143.96,0.001,Brehmer2022,alcohol,alcohols,,
Nonanol,143-08-8,Rxi5ms,142.06,33.698,115.04,0.001,Brehmer2022,alcohol,alcohols,,
Decanol,112-30-1,Rxi5ms,157.89,34.111,129.92,0.001,Brehmer2022,alcohol,alcohols,,
Undecanol,112-42-5,Rxi5ms,172.92,34.385,124.07,0.001,Brehmer2022,alcohol,alcohols,,
Dodecanol,112-53-8,Rxi5ms,186.93,34.576,128.98,0.001,Brehmer2022,alcohol,alcohols,,
Pentanol,71-41-0,Rxi17SilMS,58.934,26.919,189.66,0.001,Brehmer2022,alcohol,alcohols,,
Heptanol,111-70-6,Rxi17SilMS,98.42,30.458,197.86,0.001,Brehmer2022,alcohol,alcohols,,
Nonanol,143-08-8,Rxi17SilMS,133.6,32.935,165.13,0.001,Brehmer2022,alcohol,alcohols,,
Decanol,112-30-1,Rxi17SilMS,149.1,33.298,159.25,0.001,Brehmer2022,alcohol,alcohols,,
Undecanol,112-42-5,Rxi17SilMS,163.77,34.15,172.93,0.001,Brehmer2022,alcohol,alcohols,,
Dodecanol,112-53-8,Rxi17SilMS,177.53,34.954,178.63,0.001,Brehmer2022,alcohol,alcohols,,
Pentanol,71-41-0,Rxi5ms,80.359,31.939,69.163,0.002,Brehmer2022,alcohol,alcohols,,
Heptanol,111-70-6,Rxi5ms,124.07,34.307,82.053,0.002,Brehmer2022,alcohol,alcohols,,
Nonanol,143-08-8,Rxi5ms,161.3,36.201,86.509,0.002,Brehmer2022,alcohol,alcohols,,
Decanol,112-30-1,Rxi5ms,177.87,36.828,88.452,0.002,Brehmer2022,alcohol,alcohols,,
Undecanol,112-42-5,Rxi5ms,193.28,37.256,88.277,0.002,Brehmer2022,alcohol,alcohols,,
Dodecanol,112-53-8,Rxi5ms,207.9,38.185,104.33,0.002,Brehmer2022,alcohol,alcohols,,
Hexane,110-54-3,Rxi5ms,40.032,26.871,42.741,0.002,Brehmer2022,alkanes,,,
Heptane,142-82-5,Rxi5ms,64.807,30.972,24.629,0.002,Brehmer2022,alkane,alkanes,,
Octane,111-65-9,Rxi5ms,88.832,32.139,28.419,0.002,Brehmer2022,alkane,alkanes,,
Nonane,111-84-2,Rxi5ms,110.41,32.885,46.352,0.002,Brehmer2022,alkane,alkanes,,
Decane,124-18-5,Rxi5ms,130.19,33.719,56.797,0.002,Brehmer2022,alkane,Grob,alkanes,
Undecane,1120-21-4,Rxi5ms,148.87,34.386,39.219,0.002,Brehmer2022,alkane,Grob,alkanes,
Dodecane,112-40-3,Rxi5ms,165.75,35.133,58.893,0.002,Brehmer2022,alkane,alkanes,,
Tridecane,629-50-5,Rxi5ms,181.54,35.765,69.863,0.002,Brehmer2022,alkane,alkanes,,
Tetradecane,629-59-4,Rxi5ms,196.38,36.223,72.89,0.002,Brehmer2022,alkane,alkanes,,
Pentadecane,629-62-9,Rxi5ms,210.26,36.697,80.269,0.002,Brehmer2022,alkane,alkanes,,
Hexadecane,544-76-3,Rxi5ms,223.35,37.195,88.101,0.002,Brehmer2022,alkane,alkanes,,
Heptadecane,629-78-7,Rxi5ms,235.82,37.591,89.85,0.002,Brehmer2022,alkane,alkanes,,
Octadecane,593-45-3,Rxi5ms,247.63,38.356,108.38,0.002,Brehmer2022,alkane,alkanes,,
Nonadecane,629-92-5,Rxi5ms,258.79,38.449,102.91,0.002,Brehmer2022,alkane,alkanes,,
Eicosane,112-95-8,Rxi5ms,269.42,38.794,108.9,0.002,Brehmer2022,alkane,alkanes,,
Ethylbenzene,100-41-4,Rxi17SilMS,81.076,29.203,92.253,0.001,Brehmer2022,BTEX,aromatic,,
Toluene,108-88-3,Rxi17SilMS,60.799,28.234,70.101,0.001,Brehmer2022,BTEX,,,
o-Xylene,95-47-6,Rxi17SilMS,89.046,29.889,70.688,0.001,Brehmer2022,BTEX,aromatic,,
m-Xylene,108-38-3,Rxi17SilMS,82.057,29.116,76.562,0.001,Brehmer2022,BTEX,,,
p-Xylene,106-42-3,Rxi17SilMS,82.057,29.116,76.562,0.001,Brehmer2022,BTEX,,,
Ethylbenzene,100-41-4,Rxi5ms,104.16,33.701,11.786,0.002,Brehmer2022,BTEX,aromatic,,
o-Xylene,95-47-6,Rxi5ms,111.07,33.836,9.8542,0.002,Brehmer2022,BTEX,aromatic,,
m-Xylene,108-38-3,Rxi5ms,105.74,33.229,9.6444,0.002,Brehmer2022,BTEX,,,
p-Xylene,106-42-3,Rxi5ms,105.81,33.281,7.0462,0.002,Brehmer2022,BTEX,,,
Benzene,71-43-2,Rxi5ms,40.227,35.178,105.97,0.001,Brehmer2022,BTEX,,,
Ethylbenzene,100-41-4,Rxi5ms,89.926,36.18,143.21,0.001,Brehmer2022,BTEX,aromatic,,
Toluene,108-88-3,Rxi5ms,68.487,34.066,154.14,0.001,Brehmer2022,BTEX,,,
o-Xylene,95-47-6,Rxi5ms,96.132,35.806,159.22,0.001,Brehmer2022,BTEX,aromatic,,
m-Xylene,108-38-3,Rxi5ms,92.231,36.504,132.63,0.001,Brehmer2022,BTEX,,,
p-Xylene,106-42-3,Rxi5ms,92.27,36.398,134.67,0.001,Brehmer2022,BTEX,,,
Methyl butyrate,623-42-7,Rxi17SilMS,49.699,25.139,82.71,0.001,Brehmer2022,FAME,saturated FAME,FAMEs,
Methyl hexanoate,106-70-7,Rxi17SilMS,89.321,27.033,96.702,0.001,Brehmer2022,FAME,saturated FAME,FAMEs,
Methyl octanoate,111-11-5,Rxi17SilMS,122.96,28.639,107.6,0.001,Brehmer2022,FAME,saturated FAME,FAMEs,
Methyl decanoate,110-42-9,Rxi17SilMS,152.75,29.945,116.14,0.001,Brehmer2022,FAME,Grob,FAMEs,saturated FAME
Methyl undecanoate,1731-86-8,Rxi17SilMS,166.41,30.466,120.23,0.001,Brehmer2022,FAME,Grob,FAMEs,saturated FAME
Methyl laurate,111-82-0,Rxi17SilMS,179.4,30.899,118.02,0.001,Brehmer2022,FAME,Grob,FAMEs,saturated FAME
Methyl tridecanoate,1731-88-0,Rxi17SilMS,191.67,31.201,116.79,0.001,Brehmer2022,FAME,saturated FAME,FAMEs,
Methyl myristate,124-10-7,Rxi17SilMS,203.33,31.477,116.26,0.001,Brehmer2022,FAME,saturated FAME,FAMEs,
Methyl myristoleate,92857-33-5,Rxi17SilMS,205.38,31.75,104.8,0.001,Brehmer2022,FAME,unsaturated FAME,,
Methyl pentadecanoate,7132-64-1,Rxi17SilMS,214.28,31.498,109.4,0.001,Brehmer2022,FAME,saturated FAME,FAMEs,
Methyl cis-10-pentadecenoate,90176-52-6,Rxi17SilMS,216.4,31.955,105.78,0.001,Brehmer2022,FAME,unsaturated FAME,,
Methyl palmitate,112-39-0,Rxi17SilMS,224.78,31.705,111.82,0.001,Brehmer2022,FAME,saturated FAME,FAMEs,
Methyl palmitoleate,10030-74-7,Rxi17SilMS,225.98,32.136,106.3,0.001,Brehmer2022,FAME,unsaturated FAME,,
Methyl heptadecanoate,1731-92-6,Rxi17SilMS,234.82,31.932,116.42,0.001,Brehmer2022,FAME,saturated FAME,FAMEs,
cis-10-Heptadecenoic acid methyl ester,75190-82-8,Rxi17SilMS,236.03,32.316,107.78,0.001,Brehmer2022,FAME,,,
Methyl stearate,112-61-8,Rxi17SilMS,244.82,32.384,119.61,0.001,Brehmer2022,FAME,saturated FAME,FAMEs,
trans-9-Elaidic acid methyl ester,1937-62-8,Rxi17SilMS,245.35,32.806,121.27,0.001,Brehmer2022,FAME,unsaturated FAME,,
cis-9-Oleic acid methyl ester,112-62-9,Rxi17SilMS,245.31,32.324,115.33,0.001,Brehmer2022,FAME,saturated FAME,,
Methyl linolelaidate,2566-97-4,Rxi17SilMS,247.19,32.817,108.96,0.001,Brehmer2022,FAME,unsaturated FAME,,
Methyl linoleate,112-63-0,Rxi17SilMS,247.54,31.979,102.34,0.001,Brehmer2022,FAME,unsaturated FAME,,
Methyl arachidate,1120-28-1,Rxi17SilMS,262.19,32.166,116.13,0.001,Brehmer2022,FAME,saturated FAME,FAMEs,
Methyl gamma linolenate,132029-16-4,Rxi17SilMS,247.93,33.017,100.91,0.001,Brehmer2022,FAME,,,
Methyl cis-11-eicosenoate,2390-09-2,Rxi17SilMS,263.07,32.798,118.95,0.001,Brehmer2022,FAME,unsaturated FAME,,
Methyl alpha linolenate,301-00-8,Rxi17SilMS,250.18,33.027,106.15,0.001,Brehmer2022,FAME,,,
Methyl heneicosanoate,6064-90-0,Rxi17SilMS,270.58,32.218,116.07,0.001,Brehmer2022,FAME,saturated FAME,FAMEs,
"cis-11,14-Eicosadienoic acid methyl ester",61012-46-2,Rxi17SilMS,265.13,32.894,104.53,0.001,Brehmer2022,FAME,unsaturated FAME,,
Methyl behenate,929-77-1,Rxi17SilMS,278.61,32.186,113.23,0.001,Brehmer2022,FAME,saturated FAME,FAMEs,
"cis-8,11,14-Eicosatrienoic acid methyl ester",21061-10-9,Rxi17SilMS,265.89,33.318,103.97,0.001,Brehmer2022,FAME,unsaturated FAME,,
Methyl erucate,1120-34-9,Rxi17SilMS,279.54,33.134,163.62,0.001,Brehmer2022,FAME,unsaturated FAME,,
"cis-11,14,17-Eicosatrienoic acid methyl ester",55682-88-7,Rxi17SilMS,268.05,33.184,105.86,0.001,Brehmer2022,FAME,unsaturated FAME,,
"cis-5,8,11,14-Eicosatetraenoic acid methyl ester",7771-44-0,Rxi17SilMS,266.29,33.502,94.808,0.001,Brehmer2022,FAME,unsaturated FAME,,
Methyl tricosanoate,2433-97-8,Rxi17SilMS,286.49,32.44,122.25,0.001,Brehmer2022,FAME,saturated FAME,FAMEs,
"cis-13,16-Docosadienoic acid methyl ester",61012-47-3,Rxi17SilMS,281.68,33.017,109.71,0.001,Brehmer2022,FAME,unsaturated FAME,,
Methyl lignocerate,2442-49-1,Rxi17SilMS,294.06,32.608,127.31,0.001,Brehmer2022,FAME,saturated FAME,,
"cis-5,8,11,14,17-Eicosapentaenoic acid methyl ester",2734-47-6,Rxi17SilMS,268.28,31.967,13.169,0.001,Brehmer2022,FAME,unsaturated FAME,,
Methyl nervonate,2733-88-2,Rxi17SilMS,295.09,32.844,105.06,0.001,Brehmer2022,FAME,unsaturated FAME,,
"cis-4,7,10,13,16,19-Docosahexaenoic acid methyl ester",301-01-9,Rxi17SilMS,286.57,34.259,101.79,0.001,Brehmer2022,FAME,unsaturated FAME,,
Methyl butyrate,623-42-7,Rxi5ms,69.687,30.863,48.166,0.002,Brehmer2022,FAME,saturated FAME,FAMEs,
Methyl hexanoate,106-70-7,Rxi5ms,114.38,33.075,66.011,0.002,Brehmer2022,FAME,saturated FAME,FAMEs,
Methyl octanoate,111-11-5,Rxi5ms,151.9,35.407,98.571,0.002,Brehmer2022,FAME,saturated FAME,FAMEs,
Methyl decanoate,110-42-9,Rxi5ms,184.87,37.147,113.68,0.002,Brehmer2022,FAME,Grob,FAMEs,saturated FAME
Methyl undecanoate,1731-86-8,Rxi5ms,199.74,38.015,126.4,0.002,Brehmer2022,FAME,Grob,FAMEs,saturated FAME
Methyl laurate,111-82-0,Rxi5ms,213.76,38.648,132.03,0.002,Brehmer2022,FAME,Grob,FAMEs,saturated FAME
 Methyl tridecanoate,1731-88-0,Rxi5ms,227.01,39.183,136.47,0.002,Brehmer2022,FAME,saturated FAME,FAMEs,
Methyl myristate,124-10-7,Rxi5ms,239.52,39.6,136.81,0.002,Brehmer2022,FAME,saturated FAME,FAMEs,
Methyl myristoleate,92857-33-5,Rxi5ms,238.72,39.97,133.36,0.002,Brehmer2022,FAME,unsaturated FAME,,
Methyl pentadecanoate,7132-64-1,Rxi5ms,251.37,39.992,138.82,0.002,Brehmer2022,FAME,saturated FAME,FAMEs,
Methyl cis-10-pentadecenoate,90176-52-6,Rxi5ms,250.72,40.432,136.77,0.002,Brehmer2022,FAME,unsaturated FAME,,
Methyl palmitate,112-39-0,Rxi5ms,262.6,40.35,142.22,0.002,Brehmer2022,FAME,saturated FAME,FAMEs,
Methyl palmitoleate,10030-74-7,Rxi5ms,261.19,40.871,140.38,0.002,Brehmer2022,FAME,unsaturated FAME,,
Methyl heptadecanoate,1731-92-6,Rxi5ms,273.21,40.542,142.5,0.002,Brehmer2022,FAME,saturated FAME,FAMEs,
cis-10-Heptadecenoic acid methyl ester,75190-82-8,Rxi5ms,271.96,41.065,139.68,0.002,Brehmer2022,FAME,,,
Methyl stearate,112-61-8,Rxi5ms,283.43,40.879,146.92,0.002,Brehmer2022,FAME,saturated FAME,FAMEs,
Methyl arachidate,1120-28-1,Rxi5ms,302.28,41.176,150.1,0.002,Brehmer2022,FAME,saturated FAME,FAMEs,
Methyl heneicosanoate,6064-90-0,Rxi5ms,311.09,41.342,154.5,0.002,Brehmer2022,FAME,saturated FAME,FAMEs,
Methyl behenate,929-77-1,Rxi5ms,319.69,41.75,164.65,0.002,Brehmer2022,FAME,saturated FAME,FAMEs,
Methyl tricosanoate,2433-97-8,Rxi5ms,325.46,37.848,54.367,0.002,Brehmer2022,FAME,saturated FAME,FAMEs,
Methyl lignocerate,2442-49-1,Rxi5ms,335.89,42.292,175.53,0.002,Brehmer2022,FAME,saturated FAME,,
Methyl nervonate,2733-88-2,Rxi5ms,334.85,42.664,169.23,0.002,Brehmer2022,FAME,unsaturated FAME,,
Methyl butyrate,623-42-7,Rxi5ms,51.186,27.537,79.557,0.001,Brehmer2022,FAME,saturated FAME,FAMEs,
Methyl hexanoate,106-70-7,Rxi5ms,95.515,31.3,7.544,0.001,Brehmer2022,FAME,saturated FAME,FAMEs,
Methyl decanoate,110-42-9,Rxi5ms,163.96,31.63,16.171,0.001,Brehmer2022,FAME,Grob,FAMEs,saturated FAME
Methyl undecanoate,1731-86-8,Rxi5ms,177.78,31.785,34.318,0.001,Brehmer2022,FAME,Grob,FAMEs,saturated FAME
Methyl laurate,111-82-0,Rxi5ms,190.9,32.093,45.59,0.001,Brehmer2022,FAME,Grob,FAMEs,saturated FAME
 Methyl tridecanoate,1731-88-0,Rxi5ms,203.27,32.352,58.904,0.001,Brehmer2022,FAME,saturated FAME,FAMEs,
Methyl myristate,124-10-7,Rxi5ms,215.09,32.657,69.442,0.001,Brehmer2022,FAME,saturated FAME,FAMEs,
Methyl myristoleate,92857-33-5,Rxi5ms,214.13,32.965,64.999,0.001,Brehmer2022,FAME,unsaturated FAME,,
Methyl pentadecanoate,7132-64-1,Rxi5ms,226.36,32.912,75.927,0.001,Brehmer2022,FAME,saturated FAME,FAMEs,
Methyl cis-10-pentadecenoate,90176-52-6,Rxi5ms,225.48,33.231,73.29,0.001,Brehmer2022,FAME,unsaturated FAME,,
Methyl palmitate,112-39-0,Rxi5ms,237.07,33.221,85.696,0.001,Brehmer2022,FAME,saturated FAME,FAMEs,
Methyl palmitoleate,10030-74-7,Rxi5ms,235.43,33.548,79.625,0.001,Brehmer2022,FAME,unsaturated FAME,,
Methyl heptadecanoate,1731-92-6,Rxi5ms,247.32,33.468,91.557,0.001,Brehmer2022,FAME,saturated FAME,FAMEs,
Methyl stearate,112-61-8,Rxi5ms,257.13,33.703,97.224,0.001,Brehmer2022,FAME,saturated FAME,FAMEs,
trans-9-Elaidic acid methyl ester,1937-62-8,Rxi5ms,255.19,34.07,101.21,0.001,Brehmer2022,FAME,unsaturated FAME,,
cis-9-Oleic acid methyl ester,112-62-9,Rxi5ms,255.57,33.793,79.461,0.001,Brehmer2022,FAME,saturated FAME,,
Methyl linolelaidate,2566-97-4,Rxi5ms,254.91,34.059,78.497,0.001,Brehmer2022,FAME,unsaturated FAME,,
Methyl linoleate,112-63-0,Rxi5ms,254.87,33.909,98.942,0.001,Brehmer2022,FAME,unsaturated FAME,,
Methyl arachidate,1120-28-1,Rxi5ms,275.43,34.114,111.64,0.001,Brehmer2022,FAME,saturated FAME,FAMEs,
Methyl cis-11-eicosenoate,2390-09-2,Rxi5ms,273.91,34.44,97.667,0.001,Brehmer2022,FAME,unsaturated FAME,,
Methyl heneicosanoate,6064-90-0,Rxi5ms,284.1,34.319,115.15,0.001,Brehmer2022,FAME,saturated FAME,FAMEs,
"cis-11,14-Eicosadienoic acid methyl ester",61012-46-2,Rxi5ms,273.65,34.553,95.948,0.001,Brehmer2022,FAME,unsaturated FAME,,
Methyl behenate,929-77-1,Rxi5ms,292.34,34.464,121.42,0.001,Brehmer2022,FAME,saturated FAME,FAMEs,
"cis-8,11,14-Eicosatrienoic acid methyl ester",21061-10-9,Rxi5ms,272.17,34.901,102.64,0.001,Brehmer2022,FAME,unsaturated FAME,,
Methyl erucate,1120-34-9,Rxi5ms,290.85,34.719,112.45,0.001,Brehmer2022,FAME,unsaturated FAME,,
"cis-11,14,17-Eicosatrienoic acid methyl ester",55682-88-7,Rxi5ms,273.91,34.439,96.883,0.001,Brehmer2022,FAME,unsaturated FAME,,
"cis-5,8,11,14-Eicosatetraenoic acid methyl ester",7771-44-0,Rxi5ms,270.91,35.14,98.52,0.001,Brehmer2022,FAME,unsaturated FAME,,
Methyl tricosanoate,2433-97-8,Rxi5ms,300.3,34.592,124.48,0.001,Brehmer2022,FAME,saturated FAME,FAMEs,
"cis-13,16-Docosadienoic acid methyl ester",61012-47-3,Rxi5ms,290.78,34.949,112.16,0.001,Brehmer2022,FAME,unsaturated FAME,,
Methyl lignocerate,2442-49-1,Rxi5ms,308.02,34.864,135.0,0.001,Brehmer2022,FAME,saturated FAME,,
"cis-5,8,11,14,17-Eicosapentaenoic acid methyl ester",2734-47-6,Rxi5ms,271.75,35.299,97.91,0.001,Brehmer2022,FAME,unsaturated FAME,,
Methyl nervonate,2733-88-2,Rxi5ms,306.76,35.154,128.14,0.001,Brehmer2022,FAME,unsaturated FAME,,
"cis-4,7,10,13,16,19-Docosahexaenoic acid methyl ester",301-01-9,Rxi5ms,287.94,35.672,101.95,0.001,Brehmer2022,FAME,unsaturated FAME,,
4-Methyl-2-pentanone,108-10-1,Rxi5ms,74.484,31.291,71.164,0.002,Brehmer2022,ketone,,,
2-Hexanone,591-78-6,Rxi5ms,85.96,32.218,66.849,0.002,Brehmer2022,ketone,alkanones,,
2-Decanone,693-54-9,Rxi5ms,165.11,36.352,81.296,0.002,Brehmer2022,ketone,alkanones,,
2-Undecanone,112-12-9,Rxi5ms,181.4,36.906,81.647,0.002,Brehmer2022,ketone,alkanones,,
2-Dodecanone,6175-49-1,Rxi5ms,196.52,37.348,86.257,0.002,Brehmer2022,ketone,alkanones,,
2-Tridecanone,593-08-8,Rxi5ms,212.1,41.937,204.71,0.002,Brehmer2022,ketone,alkanones,,
2-Pentadecanone,2345-28-0,Rxi5ms,237.31,39.681,122.27,0.002,Brehmer2022,ketone,alkanones,,
2-Hexanone,591-78-6,Rxi5ms,55.956,27.874,105.86,0.001,Brehmer2022,ketone,alkanones,,
2-Decanone,693-54-9,Rxi5ms,143.14,32.078,98.246,0.001,Brehmer2022,ketone,alkanones,,
2-Undecanone,112-12-9,Rxi5ms,158.93,32.546,97.619,0.001,Brehmer2022,ketone,alkanones,,
2-Dodecanone,6175-49-1,Rxi5ms,173.65,32.891,97.598,0.001,Brehmer2022,ketone,alkanones,,
2-Tridecanone,593-08-8,Rxi5ms,187.43,33.273,104.48,0.001,Brehmer2022,ketone,alkanones,,
4-Methyl-2-pentanone,108-10-1,Rxi5ms,66.908,28.296,112.27,0.001,Brehmer2022,ketone,,,
2-Pentadecanone,2345-28-0,Rxi5ms,212.89,34.033,118.49,0.001,Brehmer2022,ketone,alkanones,,
2-Hexanone,591-78-6,Rxi17SilMS,69.311,27.747,183.88,0.001,Brehmer2022,ketone,alkanones,,
2-Decanone,693-54-9,Rxi17SilMS,139.58,33.934,177.88,0.001,Brehmer2022,ketone,alkanones,,
2-Undecanone,112-12-9,Rxi17SilMS,154.13,34.483,204.75,0.001,Brehmer2022,ketone,alkanones,,
2-Dodecanone,6175-49-1,Rxi17SilMS,168.17,34.454,182.67,0.001,Brehmer2022,ketone,alkanones,,
2-Tridecanone,593-08-8,Rxi17SilMS,181.47,34.737,178.69,0.001,Brehmer2022,ketone,alkanones,,
2-Pentadecanone,2345-28-0,Rxi17SilMS,205.93,35.2,177.09,0.001,Brehmer2022,ketone,alkanones,,
2-Pentadecanone Std,2345-28-0,Rxi17SilMS,205.65,35.057,175.21,0.001,Brehmer2022,ketone,alkanones,,
4-Methyl-2-pentanone,108-10-1,Rxi17SilMS,56.791,28.996,90.281,0.001,Brehmer2022,ketone,,,
2-Octanone,111-13-7,Rxi17SilMS,103.35,28.229,110.03,0.001,Brehmer2022,ketone,alkanones,,
2-Heptanone,110-43-0,Rxi17SilMS,85.535,27.024,113.81,0.001,Brehmer2022,ketone,alkanones,,
2-Nonanone,821-55-6,Rxi17SilMS,120.2,29.002,105.6,0.001,Brehmer2022,ketone,alkanones,,
2-Octanone,111-13-7,Rxi5ms,107.63,29.858,52.707,0.001,Brehmer2022,ketone,alkanones,,
4-Fluoroaniline,371-40-4,Rxi5ms,111.09,31.012,59.049,0.001,Brehmer2022,aromatic,amine,,
"2,6-Dimethylphenol",576-26-1,Rxi5ms,130.09,31.896,62.666,0.001,Brehmer2022,aromatic,Grob,,
n-Heptanal,111-71-7,Rxi5ms,90.98,29.719,40.199,0.001,Brehmer2022,aldehyde,,,
Octan-1-ol,111-87-5,Rxi5ms,121.49,30.037,79.264,0.001,Brehmer2022,alcohol,Grob,alcohols,
"1,3-Dichlorobenzene",541-73-1,Rxi5ms,114.04,32.457,40.172,0.001,Brehmer2022,aromatic,,,
Cyclohexanone,108-94-1,Rxi5ms,91.301,31.44,39.392,0.001,Brehmer2022,ketone,,,
4-Methylphenol,106-44-5,Rxi5ms,122.09,30.339,80.003,0.001,Brehmer2022,aromatic,,,
Aniline,62-53-3,Rxi5ms,106.99,31.503,47.886,0.001,Brehmer2022,aromatic,amine,anilines,
n-Butylbenzene,104-51-8,Rxi5ms,121.9,31.734,51.064,0.001,Brehmer2022,aromatic,,,
Nonan-2-one,821-55-6,Rxi5ms,125.49,30.377,67.747,0.001,Brehmer2022,ketone,alkanones,,
1-Phenyl-2-propanol,698-87-3,Rxi5ms,135.29,32.413,58.676,0.001,Brehmer2022,aromatic,alcohol,,
Hexan-1-ol,111-27-3,Rxi5ms,83.489,28.962,47.175,0.001,Brehmer2022,alcohol,alcohols,,
n-Octanal,124-13-0,Rxi5ms,110.25,30.231,68.214,0.001,Brehmer2022,aldehyde,,,
1-Phenyl ethanol,98-85-1,Rxi5ms,122.07,31.857,70.424,0.001,Brehmer2022,alcohol,aromatic,,
2-Chlorophenol,95-57-8,Rxi5ms,110.08,32.328,59.84,0.001,Brehmer2022,aromatic,,,
Bromobenzene,108-86-1,Rxi5ms,99.752,32.482,41.582,0.001,Brehmer2022,aromatic,,,
Methyl benzoate,93-58-3,Rxi5ms,128.61,32.239,61.952,0.001,Brehmer2022,ester,aromatic,,
Styrene,100-42-5,Rxi5ms,90.463,31.212,46.996,0.001,Brehmer2022,aromatic,,,
3-Methylphenol,108-39-4,Rxi5ms,122.29,30.568,86.843,0.001,Brehmer2022,aromatic,,,
"1,2-Dichlorobenzene",95-50-1,Rxi5ms,119.67,33.15,40.398,0.001,Brehmer2022,aromatic,,,
n-Nonanal,124-19-6,Rxi5ms,128.23,30.852,74.791,0.001,Brehmer2022,aldehyde,Grob,,
Chlorobenzene,108-90-7,Rxi5ms,81.404,31.701,26.869,0.001,Brehmer2022,aromatic,,,
2-Chloroaniline,95-51-2,Rxi5ms,135.37,33.502,65.609,0.001,Brehmer2022,aromatic,amine,,
Octan-2-ol,123-96-6,Rxi5ms,109.39,29.816,70.022,0.001,Brehmer2022,alcohol,,,
Benzyl alcohol,100-51-6,Rxi5ms,117.09,31.64,72.989,0.001,Brehmer2022,allergenic fragrances,alcohol,,
Phenyl acetate,122-79-2,Rxi5ms,120.89,31.489,77.248,0.001,Brehmer2022,ester,aromatic,,
2-Methylphenol,95-48-7,Rxi5ms,118.87,30.818,87.916,0.001,Brehmer2022,aromatic,,,
Cyclohexanol,108-93-0,Rxi5ms,89.297,31.202,40.236,0.001,Brehmer2022,alcohol,,,
Benzaldehyde,100-52-7,Rxi5ms,104.88,32.007,59.815,0.001,Brehmer2022,allergenic fragrances,aldehyde,,
Acetophenone,98-86-2,Rxi5ms,123.95,32.589,68.163,0.001,Brehmer2022,aromatic,ketone,phenones,
Linalool,78-70-6,Rxi5ms,127.71,31.002,73.314,0.001,Brehmer2022,allergenic fragrances,terpene,,
Heptan-2-one,110-43-0,Rxi5ms,88.171,29.588,50.597,0.001,Brehmer2022,ketone,alkanones,,
Nitrobenzene,98-95-3,Rxi5ms,128.7,33.432,62.574,0.001,Brehmer2022,aromatic,,,
"3,5-Dimethylphenol",108-68-9,Rxi5ms,138.63,31.606,96.824,0.001,Brehmer2022,aromatic,,,
Phenol,108-95-2,Rxi5ms,104.55,29.621,85.065,0.001,Brehmer2022,aromatic,,,
2-Nitrophenol,88-75-5,Rxi5ms,137.01,34.4,71.506,0.001,Brehmer2022,aromatic,,,
"1,2-Dimethylbenzene",95-47-6,Rxi5ms,96.132,35.806,159.22,0.001,Brehmer2022,BTEX,aromatic,,
Ethylbenzene,100-41-4,Rxi5ms,89.926,36.18,143.21,0.001,Brehmer2022,BTEX,aromatic,,
n-Octanal,124-13-0,Rxi17SilMS,105.34,28.314,115.11,0.001,Brehmer2022,aldehyde,,,
Octan-2-ol,123-96-6,Rxi17SilMS,99.505,27.994,108.59,0.001,Brehmer2022,alcohol,,,
Benzyl alcohol,100-51-6,Rxi17SilMS,128.55,32.027,94.27,0.001,Brehmer2022,allergenic fragrances,alcohol,,
"1,2-Dimethylbenzene",95-47-6,Rxi17SilMS,89.046,29.889,70.688,0.001,Brehmer2022,BTEX,aromatic,,
4-Fluoroaniline,371-40-4,Rxi17SilMS,124.39,31.726,99.509,0.001,Brehmer2022,aromatic,amine,,
Phenyl acetate,122-79-2,Rxi17SilMS,130.06,30.902,95.94,0.001,Brehmer2022,ester,aromatic,,
1-Phenyl ethanol,98-85-1,Rxi17SilMS,130.84,31.907,94.451,0.001,Brehmer2022,alcohol,aromatic,,
"2,6-Dimethylphenol",576-26-1,Rxi17SilMS,138.07,32.804,91.757,0.001,Brehmer2022,aromatic,Grob,,
2-Chlorophenol,95-57-8,Rxi17SilMS,115.88,32.649,84.209,0.001,Brehmer2022,aromatic,,,
2-Methylphenol,95-48-7,Rxi17SilMS,126.96,31.703,99.547,0.001,Brehmer2022,aromatic,,,
Cyclohexanol,108-93-0,Rxi17SilMS,90.044,29.425,88.676,0.001,Brehmer2022,alcohol,,,
Methyl hexanoate,106-70-7,Rxi17SilMS,89.321,27.033,96.702,0.001,Brehmer2022,FAME,saturated FAME,FAMEs,
Bromobenzene,108-86-1,Rxi17SilMS,104.09,31.987,80.197,0.001,Brehmer2022,aromatic,,,
n-Heptanal,111-71-7,Rxi17SilMS,87.462,27.489,112.17,0.001,Brehmer2022,aldehyde,,,
Benzaldehyde,100-52-7,Rxi17SilMS,116.25,31.746,86.447,0.001,Brehmer2022,allergenic fragrances,aldehyde,,
Ethylbenzene,100-41-4,Rxi17SilMS,81.076,29.203,92.253,0.001,Brehmer2022,BTEX,aromatic,,
Acetophenone,98-86-2,Rxi17SilMS,135.77,32.483,89.831,0.001,Brehmer2022,aromatic,ketone,phenones,
Methyl benzoate,93-58-3,Rxi17SilMS,136.74,32.209,89.138,0.001,Brehmer2022,ester,aromatic,,
Styrene,100-42-5,Rxi17SilMS,91.666,29.76,94.467,0.001,Brehmer2022,aromatic,,,
3-Methylphenol,108-39-4,Rxi17SilMS,130.37,31.593,96.071,0.001,Brehmer2022,aromatic,,,
Octan-1-ol,111-87-5,Rxi17SilMS,114.37,28.935,108.34,0.001,Brehmer2022,alcohol,Grob,alcohols,
"1,3-Dichlorobenzene",541-73-1,Rxi17SilMS,115.8,32.562,78.486,0.001,Brehmer2022,aromatic,,,
Cyclohexanone,108-94-1,Rxi17SilMS,101.2,30.848,84.809,0.001,Brehmer2022,ketone,,,
4-Methylphenol,106-44-5,Rxi17SilMS,130.58,31.808,101.45,0.001,Brehmer2022,aromatic,,,
"1,2-Dichlorobenzene",95-50-1,Rxi17SilMS,124.28,33.276,73.739,0.001,Brehmer2022,aromatic,,,
Linalool,78-70-6,Rxi17SilMS,120.04,29.354,103.32,0.001,Brehmer2022,allergenic fragrances,terpene,,
Aniline,62-53-3,Rxi17SilMS,121.66,32.029,89.058,0.001,Brehmer2022,aromatic,amine,anilines,
n-Butylbenzene,104-51-8,Rxi17SilMS,116.35,30.927,91.572,0.001,Brehmer2022,aromatic,,,
Heptan-2-one,110-43-0,Rxi17SilMS,85.535,27.024,113.81,0.001,Brehmer2022,ketone,alkanones,,
Nonan-2-one,821-55-6,Rxi17SilMS,120.2,29.002,105.6,0.001,Brehmer2022,ketone,alkanones,,
Nitrobenzene,98-95-3,Rxi17SilMS,142.41,33.845,78.903,0.001,Brehmer2022,aromatic,,,
n-Nonanal,124-19-6,Rxi17SilMS,122.12,29.187,103.98,0.001,Brehmer2022,aldehyde,Grob,,
1-Phenyl-2-propanol,698-87-3,Rxi17SilMS,142.5,32.777,94.087,0.001,Brehmer2022,aromatic,alcohol,,
Hexan-1-ol,111-27-3,Rxi17SilMS,77.98,26.825,116.18,0.001,Brehmer2022,alcohol,alcohols,,
Chlorobenzene,108-90-7,Rxi17SilMS,82.793,29.922,84.973,0.001,Brehmer2022,aromatic,,,
2-Nitrophenol,88-75-5,Rxi17SilMS,147.83,34.336,84.424,0.001,Brehmer2022,aromatic,,,
"3,5-Dimethylphenol",108-68-9,Rxi17SilMS,146.21,32.446,100.42,0.001,Brehmer2022,aromatic,,,
2-Chloroaniline,95-51-2,Rxi17SilMS,149.33,34.452,85.919,0.001,Brehmer2022,aromatic,amine,,
Phenol,108-95-2,Rxi17SilMS,113.06,30.654,93.668,0.001,Brehmer2022,aromatic,,,
n-Octanal,124-13-0,Rxi5ms,131.41,34.909,75.303,0.002,Brehmer2022,aldehyde,,,
2-Octanone,111-13-7,Rxi5ms,128.51,34.537,70.776,0.002,Brehmer2022,ketone,alkanones,,
Octan-2-ol,123-96-6,Rxi5ms,130.1,34.244,76.046,0.002,Brehmer2022,alcohol,,,
Benzyl alcohol,100-51-6,Rxi5ms,139.54,36.907,77.281,0.002,Brehmer2022,allergenic fragrances,alcohol,,
4-Fluoroaniline,371-40-4,Rxi5ms,133.03,36.355,73.625,0.002,Brehmer2022,aromatic,amine,,
Phenyl acetate,122-79-2,Rxi5ms,143.19,36.468,73.997,0.002,Brehmer2022,ester,aromatic,,
1-Phenyl ethanol,98-85-1,Rxi5ms,144.76,37.179,76.105,0.002,Brehmer2022,alcohol,aromatic,,
"2,6-Dimethylphenol",576-26-1,Rxi5ms,153.44,37.727,74.942,0.002,Brehmer2022,aromatic,Grob,,
2-Chlorophenol,95-57-8,Rxi5ms,132.88,37.706,67.537,0.002,Brehmer2022,aromatic,,,
2-Methylphenol,95-48-7,Rxi5ms,140.71,35.833,87.923,0.002,Brehmer2022,aromatic,,,
Cyclohexanol,108-93-0,Rxi5ms,110.24,34.726,77.506,0.002,Brehmer2022,alcohol,,,
Bromobenzene,108-86-1,Rxi5ms,122.29,37.534,56.608,0.002,Brehmer2022,aromatic,,,
n-Heptanal,111-71-7,Rxi5ms,111.5,33.873,67.663,0.002,Brehmer2022,aldehyde,,,
Benzaldehyde,100-52-7,Rxi5ms,127.32,36.652,44.285,0.002,Brehmer2022,allergenic fragrances,aldehyde,,
Acetophenone,98-86-2,Rxi5ms,147.12,37.858,66.405,0.002,Brehmer2022,aromatic,ketone,phenones,
Methyl benzoate,93-58-3,Rxi5ms,151.69,37.532,66.803,0.002,Brehmer2022,ester,aromatic,,
Styrene,100-42-5,Rxi5ms,111.89,35.645,57.062,0.002,Brehmer2022,aromatic,,,
3-Methylphenol,108-39-4,Rxi5ms,144.09,35.763,95.516,0.002,Brehmer2022,aromatic,,,
Octan-1-ol,111-87-5,Rxi5ms,143.11,35.047,84.54,0.002,Brehmer2022,alcohol,Grob,alcohols,
"1,3-Dichlorobenzene",541-73-1,Rxi5ms,137.15,37.908,54.352,0.002,Brehmer2022,aromatic,,,
Cyclohexanone,108-94-1,Rxi5ms,112.87,36.288,59.31,0.002,Brehmer2022,ketone,,,
4-Methylphenol,106-44-5,Rxi5ms,144.03,35.722,92.757,0.002,Brehmer2022,aromatic,,,
"1,2-Dichlorobenzene",95-50-1,Rxi5ms,143.09,38.892,63.075,0.002,Brehmer2022,aromatic,,,
Linalool,78-70-6,Rxi5ms,149.62,35.69,72.477,0.002,Brehmer2022,allergenic fragrances,terpene,,
Aniline,62-53-3,Rxi5ms,129.14,36.776,66.02,0.002,Brehmer2022,aromatic,amine,anilines,
n-Butylbenzene,104-51-8,Rxi5ms,144.63,37.1,65.033,0.002,Brehmer2022,aromatic,,,
Heptan-2-one,110-43-0,Rxi5ms,108.06,33.425,69.467,0.002,Brehmer2022,ketone,alkanones,,
Nonan-2-one,821-55-6,Rxi5ms,147.41,35.538,79.722,0.002,Brehmer2022,ketone,alkanones,,
Nitrobenzene,98-95-3,Rxi5ms,152.57,38.947,62.194,0.002,Brehmer2022,aromatic,,,
n-Nonanal,124-19-6,Rxi5ms,150.25,35.77,77.058,0.002,Brehmer2022,aldehyde,Grob,,
1-Phenyl-2-propanol,698-87-3,Rxi5ms,159.12,38.277,70.416,0.002,Brehmer2022,aromatic,alcohol,,
Hexan-1-ol,111-27-3,Rxi5ms,102.92,32.713,74.139,0.002,Brehmer2022,alcohol,alcohols,,
Chlorobenzene,108-90-7,Rxi5ms,102.66,35.699,59.395,0.002,Brehmer2022,aromatic,,,
2-Nitrophenol,88-75-5,Rxi5ms,159.47,38.654,55.588,0.002,Brehmer2022,aromatic,,,
"3,5-Dimethylphenol",108-68-9,Rxi5ms,161.4,36.863,91.447,0.002,Brehmer2022,aromatic,,,
2-Chloroaniline,95-51-2,Rxi5ms,159.55,39.307,69.097,0.002,Brehmer2022,aromatic,amine,,
Phenol,108-95-2,Rxi5ms,125.18,34.296,92.146,0.002,Brehmer2022,aromatic,,,
PCB 52,35693-99-3,Rxi5ms,246.43,37.268,8.3383,0.001,Brehmer2022,PCB,,,
PCB 101,37680-73-2,Rxi5ms,264.0,37.815,41.422,0.001,Brehmer2022,PCB,,,
PCB 138,35065-28-2,Rxi5ms,286.36,39.461,85.047,0.001,Brehmer2022,PCB,,,
PCB 153,35065-27-1,Rxi5ms,280.63,38.577,65.602,0.001,Brehmer2022,PCB,,,
PCB 180,35065-29-3,Rxi5ms,299.53,39.547,60.742,0.001,Brehmer2022,PCB,,,
PCB 138 Std,35065-28-2,Rxi5ms,286.76,39.799,78.936,0.001,Brehmer2022,PCB,,,
PCB 28,7012-37-5,Rxi17SilMS,257.18,44.513,173.01,0.001,Brehmer2022,PCB,,,
PCB 52,35693-99-3,Rxi17SilMS,263.82,45.906,218.95,0.001,Brehmer2022,PCB,,,
PCB 101,37680-73-2,Rxi17SilMS,280.52,44.407,176.52,0.001,Brehmer2022,PCB,,,
PCB 138,35065-28-2,Rxi17SilMS,307.74,47.075,186.24,0.001,Brehmer2022,PCB,,,
PCB 153,35065-27-1,Rxi17SilMS,296.18,43.097,145.08,0.001,Brehmer2022,PCB,,,
PCB 180,35065-29-3,Rxi17SilMS,319.28,48.437,207.35,0.001,Brehmer2022,PCB,,,
PCB 28,7012-37-5,Rxi5ms,269.83,47.3,101.63,0.002,Brehmer2022,PCB,,,
PCB 52,35693-99-3,Rxi5ms,276.1,47.072,115.78,0.002,Brehmer2022,PCB,,,
PCB 101,37680-73-2,Rxi5ms,294.79,47.596,114.22,0.002,Brehmer2022,PCB,,,
PCB 138,35065-28-2,Rxi5ms,318.7,48.915,112.75,0.002,Brehmer2022,PCB,,,
PCB 153,35065-27-1,Rxi5ms,312.2,48.061,113.77,0.002,Brehmer2022,PCB,,,
PCB 180,35065-29-3,Rxi5ms,332.05,49.986,127.15,0.002,Brehmer2022,PCB,,,
PCB 28,7012-37-5,Rxi17SilMS,256.58,43.603,169.46,0.001,Brehmer2022,PCB,,,
PCB 52,35693-99-3,Rxi17SilMS,263.3,45.925,254.55,0.001,Brehmer2022,PCB,,,
PCB 101,37680-73-2,Rxi17SilMS,280.58,44.769,196.3,0.001,Brehmer2022,PCB,,,
PCB 138,35065-28-2,Rxi17SilMS,307.65,46.636,179.74,0.001,Brehmer2022,PCB,,,
PCB 138 Std,35065-28-2,Rxi17SilMS,306.51,44.111,132.97,0.001,Brehmer2022,PCB,,,
PCB 153,35065-27-1,Rxi17SilMS,296.12,42.637,136.12,0.001,Brehmer2022,PCB,,,
PCB 180,35065-29-3,Rxi17SilMS,319.21,47.993,201.65,0.001,Brehmer2022,PCB,,,
Propiophenone,93-55-0,Rxi17SilMS,154.16,36.408,132.02,0.001,Brehmer2022,phenone,phenones,,
Butyrophenone,495-40-9,Rxi17SilMS,166.13,36.616,130.14,0.001,Brehmer2022,phenone,phenones,,
Valerophenone,1009-14-9,Rxi17SilMS,180.35,37.085,139.82,0.001,Brehmer2022,phenone,phenones,,
Hexanophenone,942-92-7,Rxi17SilMS,193.72,37.169,136.76,0.001,Brehmer2022,phenone,phenones,,
Heptanophenone,1671-75-6,Rxi17SilMS,206.14,37.092,133.77,0.001,Brehmer2022,phenone,phenones,,
Octanophenone,1674-37-9,Rxi17SilMS,217.92,36.987,133.13,0.001,Brehmer2022,phenone,phenones,,
Propiophenone,93-55-0,Rxi5ms,164.74,38.564,68.914,0.002,Brehmer2022,phenone,phenones,,
Butyrophenone,495-40-9,Rxi5ms,179.18,38.985,70.837,0.002,Brehmer2022,phenone,phenones,,
Valerophenone,1009-14-9,Rxi5ms,195.13,39.499,76.512,0.002,Brehmer2022,phenone,phenones,,
Hexanophenone,942-92-7,Rxi5ms,210.01,39.917,82.994,0.002,Brehmer2022,phenone,phenones,,
Heptanophenone,1671-75-6,Rxi5ms,224.31,40.947,101.2,0.002,Brehmer2022,phenone,phenones,,
Octanophenone,1674-37-9,Rxi5ms,238.12,42.007,115.29,0.002,Brehmer2022,phenone,phenones,,
Propiophenone,93-55-0,Rxi5ms,141.62,33.904,83.185,0.001,Brehmer2022,phenone,phenones,,
Butyrophenone,495-40-9,Rxi5ms,155.77,34.326,83.673,0.001,Brehmer2022,phenone,phenones,,
Valerophenone,1009-14-9,Rxi5ms,171.32,34.674,84.815,0.001,Brehmer2022,phenone,phenones,,
Hexanophenone,942-92-7,Rxi5ms,185.82,34.833,84.36,0.001,Brehmer2022,phenone,phenones,,
Heptanophenone,1671-75-6,Rxi5ms,199.45,35.186,93.177,0.001,Brehmer2022,phenone,phenones,,
Octanophenone,1674-37-9,Rxi5ms,212.34,35.512,102.42,0.001,Brehmer2022,phenone,phenones,,
Glyceryl triacetate,102-76-1,Rxi17SilMS,446.15,31.282,1552.2,0.001,Brehmer2022,triglyceride,ester,,
Glyceryl tributyrate,60-01-5,Rxi17SilMS,502.88,35.741,899.09,0.001,Brehmer2022,triglyceride,ester,,
Glyceryl trihexanoate,621-70-5,Rxi17SilMS,552.28,35.775,730.23,0.001,Brehmer2022,triglyceride,ester,,
Glyceryl trioctanoate,538-23-8,Rxi17SilMS,592.1,35.964,778.71,0.001,Brehmer2022,triglyceride,ester,,
Glyceryl tridecanoate,621-71-6,Rxi17SilMS,630.8,45.336,1175.3,0.001,Brehmer2022,triglyceride,ester,,
Glyceryl trilaurate,538-24-9,Rxi17SilMS,671.09,69.511,1787.7,0.001,Brehmer2022,triglyceride,ester,,
Unknown_1,,Rxi17SilMS,210.39,33.748,121.8,0.001,Marquart2020,allergenic fragrances,,,
Unknown_2,,Rxi17SilMS,213.62,33.91,118.62,0.001,Marquart2020,allergenic fragrances,,,
Unknown_3,,Rxi17SilMS,219.94,35.552,116.17,0.001,Marquart2020,allergenic fragrances,,,
Unknown_4,,Rxi17SilMS,175.39,33.408,107.85,0.001,Marquart2020,allergenic fragrances,,,
Methyl cis-10-heptadecanoate,,Rxi5ms,245.8,33.783,84.619,0.001,Brehmer2022,FAME,unsaturated FAME,,
gamma- Methyl ?-linolenate,,Rxi5ms,255.62,34.365,87.983,0.001,Brehmer2022,FAME,unsaturated FAME,,
Alpha-Methyl linolenate,,Rxi5ms,253.75,34.184,70.428,0.001,Brehmer2022,FAME,unsaturated FAME,,
